{"cameraMode":{"drawMode":0,"name":"Shaded","section":"Shading Mode"},"sceneLighting":false,"audioPlay":false,"sceneViewState":{"showFog":true,"showMaterialUpdate":true,"showSkybox":true,"showFlares":true,"showImageEffects":true,"showParticleSystems":true},"in2DMode":false,"pivot":{"x":-1820.0999755859375,"y":99.4000015258789,"z":-14.5},"rotation":{"x":0.04799275100231171,"y":-0.9511631727218628,"z":0.23518726229667664,"w":0.19409379363059998},"size":42.86825942993164,"orthographic":false}