{"cameraMode":{"drawMode":0,"name":"Shaded","section":"Shading Mode"},"sceneLighting":false,"audioPlay":false,"sceneViewState":{"showFog":true,"showMaterialUpdate":true,"showSkybox":true,"showFlares":true,"showImageEffects":true,"showParticleSystems":true},"in2DMode":false,"pivot":{"x":783.9256591796875,"y":-32.723114013671878,"z":311.3879089355469},"rotation":{"x":0.44613125920295718,"y":-0.34789183735847475,"z":0.19363750517368318,"w":0.8015252947807312},"size":1219.417236328125,"orthographic":false}