{"cameraMode":{"drawMode":0,"name":"Shaded","section":"Shading Mode"},"sceneLighting":false,"audioPlay":false,"sceneViewState":{"showFog":true,"showMaterialUpdate":true,"showSkybox":true,"showFlares":true,"showImageEffects":true,"showParticleSystems":true},"in2DMode":false,"pivot":{"x":212.52618408203126,"y":176.30099487304688,"z":574.08251953125},"rotation":{"x":0.00963117927312851,"y":-0.9338522553443909,"z":-0.025220094248652459,"w":-0.3566388189792633},"size":200.07940673828126,"orthographic":true}