{"cameraMode":{"drawMode":0,"name":"Shaded","section":"Shading Mode"},"sceneLighting":false,"audioPlay":false,"sceneViewState":{"showFog":true,"showMaterialUpdate":true,"showSkybox":true,"showFlares":true,"showImageEffects":true,"showParticleSystems":true},"in2DMode":false,"pivot":{"x":-1798.545166015625,"y":-3.753692626953125,"z":-200.72149658203126},"rotation":{"x":-0.7108371257781982,"y":0.0928085520863533,"z":-0.09544691443443299,"w":-0.6906425952911377},"size":426.9808349609375,"orthographic":true}