{"cameraMode":{"drawMode":0,"name":"Shaded","section":"Shading Mode"},"sceneLighting":false,"audioPlay":false,"sceneViewState":{"showFog":true,"showMaterialUpdate":true,"showSkybox":true,"showFlares":true,"showImageEffects":true,"showParticleSystems":true},"in2DMode":false,"pivot":{"x":30.731428146362306,"y":-41.75194549560547,"z":-27.164737701416017},"rotation":{"x":0.20490762591362,"y":-0.7801480293273926,"z":0.4951111972332001,"w":0.3228728771209717},"size":189.9670867919922,"orthographic":false}