{"cameraMode":{"drawMode":0,"name":"Shaded","section":"Shading Mode"},"sceneLighting":false,"audioPlay":false,"sceneViewState":{"showFog":true,"showMaterialUpdate":true,"showSkybox":true,"showFlares":true,"showImageEffects":true,"showParticleSystems":true},"in2DMode":false,"pivot":{"x":34.59666442871094,"y":202.91232299804688,"z":119.95634460449219},"rotation":{"x":0.00174113386310637,"y":0.9940754771232605,"z":-0.01610579341650009,"w":0.10747818648815155},"size":267.857177734375,"orthographic":true}